,constant_potential,constant_gz,linear_potential,linear_gz,exp_potential,exp_gz
0.0,-5.39658069611e-05,-0.000376832294464,-0.000220353937149,-0.000919813776016,-0.00390005733967,-0.0154789354801
1000.0,-5.12140750885e-05,-0.000319393706322,-0.000208024454117,-0.000834770965576,-0.00333237550259,-0.0137264503241
10000.0,-4.1767001152e-05,-0.000234306430817,-0.000171815991402,-0.000616232609749,-0.00252588527203,-0.0100242721796
100000.0,-3.0020236969e-05,-0.000140352058411,-0.000124173283577,-0.00038016834259,-0.00132059271336,-0.00565262088776
1000000.0,-2.14653730392e-05,-5.15061378479e-05,-8.65435600281e-05,-0.00017042388916,-0.000375446414948,-0.00169316580296
