,constant_potential,constant_gz,linear_potential,linear_gz,exp_potential,exp_gz
1.0,5.22179603577e-05,0.000364238262177,0.000214594841003,0.00086948466301,0.00366581726074,0.0152904806137
10.0,5.20887374878e-05,0.000364344835281,0.000215311050415,0.000869628190994,0.0036680264473,0.0152887616158
100.0,5.21473884583e-05,0.000349750041962,0.000215335607529,0.000837134599686,0.00352041697502,0.0149548780918
1000.0,4.93972301483e-05,0.000308126926422,0.00020326590538,0.000741004705429,0.00315545010567,0.0132210347652
10000.0,4.03366088867e-05,0.000228483438492,0.000167664289474,0.000560379266739,0.00241634702682,0.00965522193909
100000.0,2.89511680603e-05,0.0001368663311,0.000120649337769,0.000349872112274,0.00123676657677,0.00545396018028
1000000.0,1.96697711945e-05,4.99677658081e-05,8.38692188263e-05,0.000152386426926,0.000343805551529,0.00164005875587
